{
    "root_group": {
        "name": "",
        "path": "",
        "id": "d41d8cd98f00b204e9800998ecf8427e",
        "groups": {},
        "checks": {
                "bursty 200 or 429": {
                    "name": "bursty 200 or 429",
                    "path": "::bursty 200 or 429",
                    "id": "41d2772b417cf514ad5fc709ccfc8a20",
                    "passes": 79798,
                    "fails": 0
                },
                "sustained ok or 429": {
                    "id": "04353dc41732863de975624c806ff7f6",
                    "passes": 83148,
                    "fails": 0,
                    "name": "sustained ok or 429",
                    "path": "::sustained ok or 429"
                }
            }
    },
    "metrics": {
        "http_req_waiting": {
            "avg": 261.1796766980159,
            "min": 0.356967,
            "med": 240.75294200000002,
            "max": 1899.301032,
            "p(90)": 415.287758,
            "p(95)": 494.17824099999996
        },
        "http_req_connecting": {
            "min": 0,
            "med": 0,
            "max": 75.936624,
            "p(90)": 0,
            "p(95)": 0,
            "avg": 0.02512093709572497
        },
        "http_req_sending": {
            "max": 394.223029,
            "p(90)": 3.3985255,
            "p(95)": 23.02514325,
            "avg": 3.509389488388843,
            "min": 0.004205,
            "med": 0.008016
        },
        "data_sent": {
            "count": 17635083,
            "rate": 585262.0023002168
        },
        "http_req_duration{expected_response:true}": {
            "avg": 306.9785997223893,
            "min": 2.017044,
            "med": 280.294754,
            "max": 1899.411169,
            "p(90)": 484.3489374,
            "p(95)": 576.3169098
        },
        "checks": {
            "passes": 162946,
            "fails": 0,
            "value": 1
        },
        "data_received": {
            "count": 26526089,
            "rate": 880331.0969012029
        },
        "http_req_receiving": {
            "p(90)": 5.9629975,
            "p(95)": 38.112573499999996,
            "avg": 5.137842346568845,
            "min": 0.008354,
            "med": 0.015228,
            "max": 311.126687
        },
        "http_req_tls_handshaking": {
            "p(95)": 0,
            "avg": 0,
            "min": 0,
            "med": 0,
            "max": 0,
            "p(90)": 0
        },
        "vus": {
            "value": 1309,
            "min": 689,
            "max": 1800
        },
        "http_req_duration{scenario:sustained,expected_response:true}": {
            "min": 2.017044,
            "med": 276.6654225,
            "max": 1568.955412,
            "p(90)": 467.5461407000001,
            "p(95)": 551.4009888999998,
            "avg": 301.14056523667375,
            "thresholds": {
                "p(99)<200": true
            }
        },
        "http_req_failed": {
            "passes": 50893,
            "fails": 112053,
            "value": 0.3123304653075252
        },
        "vus_max": {
            "value": 1800,
            "min": 1452,
            "max": 1800
        },
        "dropped_iterations": {
            "count": 257042,
            "rate": 8530.547635939809
        },
        "http_req_blocked": {
            "avg": 0.05764599785818681,
            "min": 0.000752,
            "med": 0.002129,
            "max": 169.332943,
            "p(90)": 0.003752,
            "p(95)": 0.004713
        },
        "http_reqs": {
            "count": 162946,
            "rate": 5407.748986880931
        },
        "iteration_duration": {
            "max": 1909.753332,
            "p(90)": 489.0108205,
            "p(95)": 582.27982025,
            "avg": 285.42262922260795,
            "min": 0.526466,
            "med": 253.5899
        },
        "iterations": {
            "count": 162946,
            "rate": 5407.748986880931
        },
        "http_req_duration": {
            "avg": 269.82690853297606,
            "min": 0.449944,
            "med": 245.576824,
            "max": 1899.411169,
            "p(90)": 441.93227,
            "p(95)": 527.5631659999999
        }
    }
}