{
    "root_group": {
        "name": "",
        "path": "",
        "id": "d41d8cd98f00b204e9800998ecf8427e",
        "groups": {},
        "checks": {
                "bursty 200 or 429": {
                    "name": "bursty 200 or 429",
                    "path": "::bursty 200 or 429",
                    "id": "41d2772b417cf514ad5fc709ccfc8a20",
                    "passes": 39601,
                    "fails": 0
                },
                "sustained ok or 429": {
                    "name": "sustained ok or 429",
                    "path": "::sustained ok or 429",
                    "id": "04353dc41732863de975624c806ff7f6",
                    "passes": 140307,
                    "fails": 0
                }
            }
    },
    "metrics": {
        "dropped_iterations": {
            "count": 525159,
            "rate": 17061.467792723728
        },
        "http_req_duration": {
            "max": 2709.244001,
            "p(90)": 1425.6739053000003,
            "p(95)": 1737.0043995499996,
            "avg": 873.3594478745513,
            "min": 2.184321,
            "med": 853.202806
        },
        "http_req_duration{expected_response:true}": {
            "p(90)": 1428.4972342000005,
            "p(95)": 1729.7517763,
            "avg": 867.3483847621372,
            "min": 2.184321,
            "med": 842.603801,
            "max": 2709.244001
        },
        "http_req_tls_handshaking": {
            "avg": 0,
            "min": 0,
            "med": 0,
            "max": 0,
            "p(90)": 0,
            "p(95)": 0
        },
        "http_req_sending": {
            "p(95)": 12.927160199999992,
            "avg": 4.351196377793172,
            "min": 0.005005,
            "med": 0.008404,
            "max": 964.932772,
            "p(90)": 1.3503647000000056
        },
        "iteration_duration": {
            "p(90)": 1684.1618462000001,
            "p(95)": 1889.7068679499996,
            "avg": 966.525865403146,
            "min": 6.288967,
            "med": 915.4760160000001,
            "max": 2843.377439
        },
        "vus": {
            "value": 7573,
            "min": 1786,
            "max": 8398
        },
        "http_req_duration{scenario:sustained,expected_response:true}": {
            "max": 2709.244001,
            "p(90)": 1414.6341654000003,
            "p(95)": 1706.6285915999997,
            "avg": 868.755155764258,
            "min": 15.828842,
            "med": 840.494766,
            "thresholds": {
                "p(99)<200": true
            }
        },
        "http_req_failed": {
            "passes": 16689,
            "fails": 163219,
            "value": 0.0927640794183694
        },
        "vus_max": {
            "value": 8475,
            "min": 4402,
            "max": 8475
        },
        "data_sent": {
            "count": 19493020,
            "rate": 633293.027279204
        },
        "iterations": {
            "count": 179908,
            "rate": 5844.886115735121
        },
        "http_req_blocked": {
            "avg": 14.808131182698725,
            "min": 0.000794,
            "med": 0.00222,
            "max": 1354.26132,
            "p(90)": 0.004275,
            "p(95)": 0.09405759999999846
        },
        "http_req_connecting": {
            "med": 0,
            "max": 1354.213974,
            "p(90)": 0,
            "p(95)": 0,
            "avg": 14.639221934388754,
            "min": 0
        },
        "http_req_receiving": {
            "max": 955.394439,
            "p(90)": 4.6545751000000335,
            "p(95)": 81.44253339999999,
            "avg": 10.312522140249321,
            "min": 0.008436,
            "med": 0.015983
        },
        "http_reqs": {
            "count": 179908,
            "rate": 5844.886115735121
        },
        "http_req_waiting": {
            "avg": 858.6957293565151,
            "min": 1.029856,
            "med": 840.646835,
            "max": 2658.33071,
            "p(90)": 1406.0793660000006,
            "p(95)": 1715.6108976999994
        },
        "checks": {
            "passes": 179908,
            "fails": 0,
            "value": 1
        },
        "data_received": {
            "count": 27172919,
            "rate": 882799.0805694859
        }
    }
}