{
    "root_group": {
        "name": "",
        "path": "",
        "id": "d41d8cd98f00b204e9800998ecf8427e",
        "groups": {},
        "checks": {
                "bursty 200 or 429": {
                    "id": "41d2772b417cf514ad5fc709ccfc8a20",
                    "passes": 23732,
                    "fails": 0,
                    "name": "bursty 200 or 429",
                    "path": "::bursty 200 or 429"
                },
                "sustained ok or 429": {
                    "passes": 143702,
                    "fails": 0,
                    "name": "sustained ok or 429",
                    "path": "::sustained ok or 429",
                    "id": "04353dc41732863de975624c806ff7f6"
                }
            }
    },
    "metrics": {
        "http_req_duration{scenario:sustained,expected_response:true}": {
            "med": 985.250078,
            "max": 3297.995007,
            "p(90)": 1707.1447045,
            "p(95)": 1921.30989835,
            "avg": 1027.6681847231584,
            "min": 31.987386,
            "thresholds": {
                "p(99)<200": true
            }
        },
        "http_req_duration": {
            "avg": 1020.5504256595566,
            "min": 3.088473,
            "med": 982.2662634999999,
            "max": 3301.136654,
            "p(90)": 1705.6707726000004,
            "p(95)": 1914.9781121500005
        },
        "dropped_iterations": {
            "rate": 24409.147519032776,
            "count": 764281
        },
        "data_sent": {
            "count": 18186666,
            "rate": 580834.8150397273
        },
        "vus_max": {
            "value": 8768,
            "min": 6400,
            "max": 8768
        },
        "http_req_blocked": {
            "p(95)": 0.4475020000000054,
            "avg": 16.403457009078245,
            "min": 0.000811,
            "med": 0.002506,
            "max": 1034.089228,
            "p(90)": 0.005125
        },
        "http_req_tls_handshaking": {
            "p(90)": 0,
            "p(95)": 0,
            "avg": 0,
            "min": 0,
            "med": 0,
            "max": 0
        },
        "http_req_receiving": {
            "p(90)": 0.5235619000000014,
            "p(95)": 51.224180700000105,
            "avg": 13.123528178798948,
            "min": 0.008231,
            "med": 0.017336,
            "max": 1262.299677
        },
        "data_received": {
            "count": 24739754,
            "rate": 790123.4035264271
        },
        "http_req_failed": {
            "passes": 5438,
            "fails": 161996,
            "value": 0.03247846912813407
        },
        "vus": {
            "value": 1268,
            "min": 215,
            "max": 8536
        },
        "http_req_connecting": {
            "avg": 16.14880938235965,
            "min": 0,
            "med": 0,
            "max": 1033.814372,
            "p(90)": 0,
            "p(95)": 0.14439580000000143
        },
        "http_req_sending": {
            "med": 0.009341,
            "max": 919.827048,
            "p(90)": 0.35745730000000253,
            "p(95)": 11.725486950000032,
            "avg": 4.226300818513445,
            "min": 0.005014
        },
        "checks": {
            "fails": 0,
            "passes": 167434,
            "value": 1
        },
        "iteration_duration": {
            "min": 4.180618,
            "med": 1031.9971420000002,
            "max": 3964.440052,
            "p(90)": 1998.4537286,
            "p(95)": 2332.3670624500014,
            "avg": 1156.7129535873607
        },
        "http_reqs": {
            "rate": 5347.406524173352,
            "count": 167434
        },
        "http_req_duration{expected_response:true}": {
            "avg": 1018.9475077535085,
            "min": 3.088473,
            "med": 975.922499,
            "max": 3301.136654,
            "p(90)": 1713.2439359999998,
            "p(95)": 1918.5362675000001
        },
        "iterations": {
            "count": 167434,
            "rate": 5347.406524173352
        },
        "http_req_waiting": {
            "med": 975.616535,
            "max": 3291.240268,
            "p(90)": 1681.9237628,
            "p(95)": 1863.8413301,
            "avg": 1003.2005966622397,
            "min": 2.628856
        }
    }
}