{
    "root_group": {
        "name": "",
        "path": "",
        "id": "d41d8cd98f00b204e9800998ecf8427e",
        "groups": {},
        "checks": {
                "bursty 200 or 429": {
                    "name": "bursty 200 or 429",
                    "path": "::bursty 200 or 429",
                    "id": "41d2772b417cf514ad5fc709ccfc8a20",
                    "passes": 109848,
                    "fails": 0
                },
                "sustained ok or 429": {
                    "path": "::sustained ok or 429",
                    "id": "04353dc41732863de975624c806ff7f6",
                    "passes": 86111,
                    "fails": 0,
                    "name": "sustained ok or 429"
                }
            }
    },
    "metrics": {
        "http_req_duration": {
            "p(90)": 213.0742184,
            "p(95)": 262.73549610000003,
            "avg": 109.85745108684876,
            "min": 0.470714,
            "med": 95.65834,
            "max": 671.781107
        },
        "http_reqs": {
            "count": 195959,
            "rate": 6506.2591582524865
        },
        "http_req_tls_handshaking": {
            "max": 0,
            "p(90)": 0,
            "p(95)": 0,
            "avg": 0,
            "min": 0,
            "med": 0
        },
        "data_sent": {
            "count": 21201711,
            "rate": 703942.2857045223
        },
        "data_received": {
            "rate": 1093248.4605092057,
            "count": 32927043
        },
        "http_req_connecting": {
            "p(95)": 0,
            "avg": 0.13775184717721556,
            "min": 0,
            "med": 0,
            "max": 205.719752,
            "p(90)": 0
        },
        "http_req_sending": {
            "max": 401.223643,
            "p(90)": 1.2382188000000094,
            "p(95)": 15.364353000000012,
            "avg": 3.659143606228934,
            "min": 0.005098,
            "med": 0.00832
        },
        "dropped_iterations": {
            "rate": 470.6736094151697,
            "count": 14176
        },
        "checks": {
            "passes": 195959,
            "fails": 0,
            "value": 1
        },
        "http_req_duration{scenario:sustained,expected_response:true}": {
            "med": 108.844384,
            "max": 615.972106,
            "p(90)": 229.999586,
            "p(95)": 278.2232135,
            "avg": 122.10736258158566,
            "min": 2.012124,
            "thresholds": {
                "p(99)<200": true
            }
        },
        "http_req_receiving": {
            "min": 0.008838,
            "med": 0.015193,
            "max": 280.164135,
            "p(90)": 0.24539680000000164,
            "p(95)": 18.981209200000002,
            "avg": 3.4302976682570594
        },
        "http_req_failed": {
            "passes": 80047,
            "fails": 115912,
            "value": 0.4084885103516552
        },
        "vus_max": {
            "value": 1669,
            "min": 1012,
            "max": 1669
        },
        "vus": {
            "value": 221,
            "min": 125,
            "max": 1553
        },
        "http_req_duration{expected_response:true}": {
            "p(95)": 280.48632325,
            "avg": 122.41634670972938,
            "min": 1.989833,
            "med": 108.6778205,
            "max": 644.764039,
            "p(90)": 231.2979119
        },
        "http_req_blocked": {
            "avg": 0.211361036196353,
            "min": 0.000939,
            "med": 0.002252,
            "max": 268.213628,
            "p(90)": 0.0037692000000000116,
            "p(95)": 0.004564
        },
        "iterations": {
            "rate": 6506.2591582524865,
            "count": 195959
        },
        "http_req_waiting": {
            "p(90)": 200.1412474,
            "p(95)": 240.89295120000008,
            "avg": 102.7680098123644,
            "min": 0.383226,
            "med": 89.686528,
            "max": 566.287719
        },
        "iteration_duration": {
            "avg": 112.48949071040887,
            "min": 0.545466,
            "med": 97.166026,
            "max": 671.86086,
            "p(90)": 218.6941872000001,
            "p(95)": 272.0534136
        }
    }
}